Date,AA,AAWW,ABG,ACH,ACLS,ACM,ADC,ADM,ADUS,AEE,AEG,AEIS,AEP,AER,AGYS,BAC,CCM,CENT,ERII,ETN,HTH,IDA,IEP,IMOS,INDB,INFI,MT,NBR,NBTB,NC,REG,RELL,SRT,STC,TNK,Total
1/1/2021,,,,,,,,,,,,,,,,,,,,,,,,,,,,,,,,,,,,100000
1/8/2021,2719.529208,2956.16781,2859.329379,2829.39227,3101.500658,2786.114171,2875.485836,2812.310153,2730.957161,2886.552877,2910.125895,2864.181578,2939.143635,2957.724377,2715.023192,2838.577019,2767.402111,2879.65933,2783.984211,3052.186263,2818.56207,2909.441428,3181.002584,3091.974147,2931.263077,3044.100503,2845.842254,2837.479846,2895.809034,3067.442689,2910.499529,3126.830177,2842.925373,2829.004069,3085.325255,101682.8492
1/15/2021,2451.188718,2792.58837,2758.617931,2542.066818,3233.079474,2690.465692,2843.68583,2784.864857,2875.16612,2785.711101,2474.014279,2749.755048,2931.83701,2661.40824,2854.179233,2610.746868,2970.036231,2758.617931,2617.351579,2951.788566,2770.340507,2854.480334,3209.102021,2974.556223,3012.125199,2924.254027,2519.396717,2756.659407,2964.551475,2955.38656,2893.522485,3169.824084,2768.298582,2805.98278,2995.335374,98910.98567
1/22/2021,2222.410991,2675.955443,2460.862345,2261.902597,2875.936974,2593.870188,2392.364197,2740.035893,2649.839621,2702.729782,2453.635483,2383.59068,2846.585575,2525.483406,2572.906383,2593.870802,2851.350689,2713.579271,2540.131579,2765.587516,2746.229726,2792.426113,3232.284,2857.14,3145.548609,2924.254027,2300.577548,2549.14551,2981.737831,2848.642932,2727.78454,3122.921079,2626.152313,2665.299629,2812.144805,94154.91808
1/29/2021,2220.691066,2800.657314,2500.271172,2150.910959,3045.109737,2454.65951,2403.37207,2750.09916,2532.669842,2623.947664,2408.801363,2351.903401,2740.224105,2237.322759,2664.690155,2489.239588,2645.821639,2671.355527,2458.847368,2738.608718,2796.862654,2698.459229,3209.102021,2739.723777,3079.511432,2905.078591,2281.549609,2429.005698,2864.302242,2485.923772,2639.661542,3033.024727,2608.38403,2767.61407,2940.699764,92368.10628
2/5/2021,2341.077621,2822.663527,2406.127862,2201.9313,3063.906711,2586.294083,2509.781587,2747.355286,2523.656782,2587.182743,2441.408463,2436.402871,2685.826368,2125.864396,2827.532332,2468.988506,2434.503277,2800.841675,2414.141053,2890.065838,2852.317268,2826.742625,3235.09421,2504.88963,3187.328819,3072.863658,2229.818007,2546.96117,2934.476577,2606.475014,2640.469765,2931.402765,2604.830373,2736.919865,3021.046976,93247.189
2/12/2021,2346.24927,2905.553668,2561.573793,2158.071742,3157.891579,2615.651763,2678.567503,2741.865521,2538.678549,2693.274779,2506.621379,2728.630313,2755.130691,2286.255699,2931.159171,2679.940023,2489.504202,2831.805754,2580.773684,3013.530759,2912.594613,2915.357878,3369.97651,2739.723777,3382.744987,3111.21453,2350.525087,2555.697597,3040.455093,2653.20938,2763.357516,3068.375036,2665.242537,3256.167208,3053.18557,97038.55716
2/19/2021,2294.531693,3237.84733,2563.763172,2145.54026,3157.891579,2583.453294,2666.337641,2709.775699,2406.487003,2633.401827,2474.014279,2614.203959,2768.281086,2403.151056,3333.823461,2793.009764,2483.714342,2958.476985,2584.837895,2984.112642,2893.306041,3033.510652,3375.598366,2622.305853,3404.309529,2943.429463,2283.333505,2402.793613,3093.44499,2562.397388,2821.138021,3056.620232,2416.486567,3621.94289,3184.955551,97512.22763
2/26/2021,2315.218677,3601.683304,2741.102897,2230.574341,3214.2825,2665.843422,2646.767497,2758.50929,2403.48265,2688.023679,2600.364865,2550.829047,2787.184903,2628.78628,3206.510487,2767.696356,2622.663296,3068.258719,2706.764211,3188.699058,2907.772143,3026.350752,3327.827048,2778.862518,3512.125447,2895.490872,2434.647762,2457.402279,3234.612373,3503.823309,2907.248116,3166.343903,2633.259627,3588.690411,3223.522591,100991.2246
3/5/2021,2351.420997,3520.994005,2925.010759,2316.503285,3157.891579,2679.101772,2727.490661,2707.017444,2391.465237,2705.88061,2734.865943,2658.214,2812.665039,2998.501827,3401.921098,2890.960865,2547.399508,3073.888552,2430.397895,3233.272342,2972.871697,3127.496632,3277.245518,2857.14,3518.864309,3048.894362,2509.92725,2458.494683,3332.893843,4100.050081,3025.341333,3091.888013,2746.976642,3465.912319,3677.758354,103476.6185
3/12/2021,2465.199605,3693.375856,3034.479724,2316.503285,3157.891579,2705.617902,2835.124486,2688.627436,2673.874448,2772.234537,2694.108352,2656.453605,2857.050443,3020.2498,3555.880974,2884.205896,2518.451855,3175.225537,2418.205263,3347.377565,2818.56207,3128.392501,3299.740739,2896.278741,3466.302287,2972.192617,2589.987047,2253.164814,3400.822897,4322.224033,3197.563452,3052.700467,2636.813284,3463.354045,3789.804695,104758.0418
3/19/2021,2432.445284,3812.209624,3045.426621,2247.581032,3063.906711,2788.955341,2986.786091,2598.516106,1892.742587,2696.532728,2694.108352,2621.24536,2786.363193,3050.153264,3348.627295,2995.657454,2023.445725,3020.405143,2584.837895,3318.850537,2789.62908,3078.26679,3210.043134,2818.001259,3416.437828,2972.192617,2581.025402,2048.927351,3358.90947,4344.762329,3202.484051,3134.993641,2722.101045,3532.417914,3974.352331,103193.3406
3/26/2021,2534.156168,3908.303272,2979.745241,2348.726583,3458.643158,2770.961866,2865.700648,2676.673861,1688.446562,2820.217923,2840.837092,2851.858816,2834.857543,3316.565937,3286.451192,3046.316661,1959.760559,2778.322345,2503.553684,3389.720741,2833.028957,3143.609324,3234.763138,2935.417482,3337.159518,2957.81104,2716.051253,2173.435531,3301.097605,3984.130049,3072.087408,3272.150055,2562.186493,3573.343308,4280.832406,104236.9234
4/2/2021,2563.462101,3872.359938,2977.555862,2474.039696,3928.5675,2710.353122,3072.316719,2580.126098,1757.546688,2801.024669,2857.14,2698.703252,2791.294773,3512.297697,3381.195731,3149.322978,1991.603142,2814.916256,2515.746316,3498.476415,2804.095706,3135.553042,3072.319034,3365.945334,3304.589973,2933.841745,2735.767146,2186.541885,3454.300315,4316.857772,3111.452328,3675.779766,2718.547388,3729.372925,4023.783473,106516.7968
4/9/2021,2466.922867,4318.352365,3071.699172,2542.066818,4342.100921,2793.690276,2929.941579,2605.871201,1718.490095,2841.541672,3003.869382,2980.368503,2775.677269,3697.155471,3422.646466,3289.479748,2092.920202,3079.518384,2475.104211,3580.043831,2789.62908,3173.14646,3107.631891,3835.613629,3472.872654,3154.359262,2729.79285,2190.910724,3580.043363,4561.571975,3204.123522,3844.286442,2558.632836,3772.856912,4089.694086,110092.6261
4/16/2021,2387.623549,4249.399639,3273.122069,2348.726583,4436.085789,2910.172829,3057.328568,2616.905861,1685.442208,2840.474998,2881.595966,3068.389116,2792.938589,3648.222531,3511.469472,3130.749133,2046.604067,3192.115034,2519.810526,3508.727706,2869.195521,3220.587897,3076.555477,4461.835185,3790.438702,3168.740839,2524.864097,2379.85718,3711.567023,4646.90041,3268.91085,4581.00974,2569.293806,3578.459539,4228.103814,112182.2243
4/23/2021,2365.210974,4159.907635,3675.968081,2204.616515,4605.258553,2894.0735,3134.760853,2585.643113,1472.133123,2810.620709,2893.822345,2851.858816,2781.432009,3805.895338,3419.685699,3090.220504,2150.815508,3279.377438,2507.617895,3521.654272,2861.961685,3275.188465,3185.323744,7279.836444,3726.653258,3240.648725,2398.202731,2372.21238,3752.033859,5157.261144,3440.312013,4514.392258,2501.774328,3110.368462,4274.240632,115300.983
4/30/2021,2058.354984,3870.892784,3036.669103,1919.976637,4097.740263,2650.691023,2979.895587,2363.123043,1547.241956,2629.358606,2433.256688,2276.205905,2644.991068,3346.469401,2427.828808,2749.115204,2040.814207,2966.921734,2190.609474,3175.327951,2734.174205,3030.825738,2854.783936,6223.085334,3337.159518,3135.183826,2060.040775,2111.181129,3340.121258,4207.915834,3251.688883,4247.916154,2157.069627,2762.498793,3700.826908,102559.9563
5/7/2021,2211.88668,3972.121508,3233.713241,2007.695844,4492.476711,2645.009158,3253.408118,2496.451327,1751.537981,2694.39854,2579.985428,2373.027782,2771.935916,3678.125994,2226.496663,2848.74532,1942.392077,2910.623409,1812.637895,3417.400129,2719.707317,3161.843391,2577.922427,6966.724815,3582.798791,3729.622349,2089.315497,2199.648084,3624.845924,5620.929542,3291.873731,4278.897569,1901.206343,2880.160336,4102.875671,108048.4415
5/14/2021,1912.936381,3436.63671,2651.338345,1649.658324,3627.815921,2359.957961,2713.879219,2333.699131,1826.646814,2573.914207,2351.740222,2038.550871,2608.782538,2971.31686,2022.203751,2583.627448,1817.916675,2710.764355,1621.62,3032.851918,2608.797567,2937.995544,2245.970539,6418.779038,3253.018361,3068.069799,1741.594712,1886.192822,3238.949376,4906.104495,2899.866832,3803.900285,1648.896716,2703.667704,3460.256719,95667.91816
5/21/2021,2042.538867,3852.554273,2931.578897,1935.193244,3740.597763,2430.03705,3014.865388,2351.276953,1880.725174,2602.703836,2392.498455,2205.789238,2662.889181,3207.82607,2090.301389,2732.22788,1849.759258,2882.474246,1507.822105,3162.979915,2628.085878,2960.561438,2401.043277,6497.05652,3367.016815,3437.196946,1878.413355,2008.516508,3243.284249,5060.661606,3080.55657,3819.603487,1645.34306,2795.750318,3795.77841,100095.5076
5/28/2021,1964.777143,3885.563666,2931.578897,1803.614389,3552.628026,2394.997506,3048.58722,2360.523365,1832.655521,2650.684705,2351.740222,2288.52849,2677.040005,3338.313911,2161.359793,2669.748613,1812.127364,2865.584749,1381.831579,3214.580696,2534.053596,3014.717917,2802.876275,6771.029408,3320.87502,3465.960101,1751.697399,2248.796446,3261.561085,4731.384319,3006.676708,3780.346886,1503.196791,2857.14,3908.019406,100144.7972
6/4/2021,1944.040714,3672.836871,2714.830345,1758.85961,3045.109737,2319.236362,3112.280482,2347.579094,1730.507508,2585.642588,2253.920848,2205.789238,2720.326058,3167.04862,2060.69372,2612.337005,1748.442198,2679.800276,1328.996842,3179.581595,2497.887555,2955.145726,2773.00579,5988.251186,3239.447396,3034.512785,1731.85284,2311.05038,3069.018653,4294.093683,3043.201851,3403.490822,1602.699179,2493.921956,3836.592789,95462.0323
6/11/2021,1931.944813,3911.237507,2837.435586,1789.292824,3552.628026,2399.732536,3184.716021,2543.595868,1694.455268,2769.583214,2510.697266,2469.850367,2830.203472,3292.099467,2205.771295,2673.168068,1736.863026,2865.584749,1621.62,3329.450678,2565.397951,3145.595486,2841.281593,6340.503259,3443.016091,3039.306644,1841.296564,2323.064018,3178.419403,5253.435486,3174.359764,3627.248672,1616.913806,2437.648823,4044.068331,101021.4859
6/18/2021,1919.848368,3741.05613,2469.619862,1802.719168,3233.079474,2247.263318,2946.175379,2446.511946,1757.546688,2624.386389,2384.34668,2381.830109,2723.654841,3033.842284,2152.477492,2537.989288,1661.599239,2730.468768,1528.143158,3114.966972,2432.788524,3018.328049,2814.967153,6183.946593,3369.730347,2924.254027,1800.405281,2112.273065,3029.63463,5207.545647,2967.66065,3576.215372,1552.947985,2309.755455,3887.612435,96625.59077
6/25/2021,1736.67689,3481.382749,2248.492552,1680.091449,2988.718816,2085.32404,2827.52881,2381.789709,1727.503155,2556.122422,2205.01084,2110.727578,2682.034499,2821.799543,2034.046819,2369.015714,1832.390776,2654.46603,1589.106316,2896.892287,2432.788524,2958.755859,2632.187588,5557.725036,3374.866493,2837.964564,1642.855055,1924.419169,2978.58204,4711.948485,2838.99288,3383.862241,1417.90903,2296.966627,3686.939968,91585.88455
7/2/2021,1852.455557,3683.106364,2261.628828,1713.209878,2969.921842,2198.965613,2898.348485,2469.627724,1562.263722,2687.232698,2388.422567,2313.174544,2894.299235,2941.413397,2223.535896,2510.953019,1760.021369,2741.728433,1682.583158,2986.185655,2490.65398,3121.226833,2567.466803,5870.834964,3413.140439,2842.758423,1785.973345,1964.829542,3102.567754,4804.805325,2826.540878,3533.033954,1517.411418,2102.5683,3945.432902,94628.32284
7/9/2021,1873.191598,4167.243186,2417.074759,1733.797184,3007.515789,2297.455072,2954.454886,2484.421177,1598.315962,2717.572388,2388.422567,2415.277959,2936.752894,3226.855547,2190.967461,2600.509044,1635.545966,2798.026759,1487.501053,3093.877196,2505.120344,3217.805577,2748.113686,5831.696223,3366.664959,2684.561074,1795.595303,1945.170168,3141.952415,4734.62558,2888.799858,3748.941606,1524.518731,2258.59887,4105.289972,96522.23281
7/16/2021,1869.735526,4216.390321,2594.414483,1912.816034,3157.891579,2326.812657,2916.199773,2538.048829,1463.120063,2716.489092,2339.513201,2992.691619,2979.206554,3327.439924,2149.516725,2308.185046,1592.124761,2792.396926,1576.913684,3354.130552,2507.53171,3199.75235,2670.591471,5088.058444,3152.062995,2742.087383,1938.713402,1976.843492,3102.567754,4939.772162,2952.719148,3760.717744,1513.857761,2284.176845,4322.97049,97276.4605
7/23/2021,1904.295698,4312.484189,2907.495724,1954.885329,3063.906711,2308.818992,2921.301367,2496.44073,1601.320315,2795.590054,2478.089525,2869.462585,3005.010493,3455.209267,2303.476601,2370.705197,1661.599239,2910.623409,1670.390526,3475.283364,2509.943076,3228.636104,2800.032014,5088.058444,3339.327186,2876.315436,1860.539193,2031.452626,3264.479824,4811.285891,3104.630355,3690.058109,1631.128433,2488.806679,4544.0508,99735.13349
7/30/2021,2001.06632,3699.977793,2946.904552,1953.990108,3270.673421,2377.004221,3001.632976,2796.938532,1604.324669,2929.950723,2555.530103,3144.086612,3030.81562,3468.801751,2069.576021,2369.015714,1736.863026,2727.653852,1670.390526,3578.48769,2471.364884,3258.422776,2723.222197,5362.02963,3142.4946,2828.376846,2013.88025,1987.765195,3197.380558,5998.987997,3281.443765,3658.65339,1645.34306,2703.667704,4625.680358,101832.3974
8/6/2021,1859.007616,3394.824979,2881.223172,1803.614389,2838.343026,2246.316197,2988.882818,2829.300218,1415.05041,2895.276672,2274.300285,2725.109347,2942.579518,3224.13705,1631.382528,2206.800467,1797.653812,2696.689773,1625.684211,3420.458036,2435.198581,3227.733827,2573.156351,4892.363037,2981.200402,2545.539161,1822.053554,1784.619824,3039.84468,4713.569115,3102.138925,3383.12511,1709.308881,2593.679394,4486.228879,94986.39425
8/13/2021,1846.879658,3346.411312,2784.890483,1897.599337,2819.546053,2225.481933,2963.379718,2795.089098,1568.272429,2937.535981,2310.981989,2800.80702,2933.971082,3131.708164,1480.38342,2200.041746,1843.969947,2637.576532,1560.656842,3316.507912,2386.977281,3211.34994,2517.682389,4305.278519,2964.798253,2396.92953,1828.668153,1876.363211,2930.446698,4599.655811,3029.919115,3560.149499,1744.845448,2598.794989,4346.778272,93700.32776
8/20/2021,1734.265286,3306.800349,2631.633931,1726.636402,2612.779342,2146.880094,2997.808346,2784.955184,1427.067823,3006.882909,2094.964445,2598.360231,2964.287305,2897.91745,1302.737409,2107.106161,1942.392077,2660.095862,1475.308421,3170.976233,2362.8665,3183.131871,2412.718573,3600.779481,2889.617589,2325.021644,1696.373821,1708.167753,2928.986903,4201.777379,3038.093314,3524.743611,1631.128433,2626.931555,4105.057592,89825.25128
8/27/2021,1876.333227,3475.514572,2874.655034,1848.369079,2819.546053,2192.336438,3075.591129,2930.848139,1412.046057,3083.81711,2262.071981,2693.422068,3019.868015,3142.58215,1379.717347,2243.974622,1951.076318,2702.319606,1394.024211,3437.633851,2408.676434,3280.527535,2443.512529,3639.918222,2944.294052,2401.723389,1886.030002,1841.41361,3060.266269,4743.801984,3263.386818,3638.824948,1595.591866,2693.43556,4167.834737,93824.98496
9/3/2021,1945.633961,3441.771493,2819.920552,1901.179594,2800.749079,2281.355932,3126.594777,2959.654521,1406.03735,3005.800452,2241.693827,2490.975279,3061.132107,3061.02725,1501.108788,2282.98086,1922.128665,2707.949438,1345.253684,3494.13085,2362.8665,3243.208901,2408.422028,3600.779481,3026.307736,2372.960235,1930.200812,1902.57514,3087.076328,4875.824708,3304.577989,3528.678534,1570.716269,2693.43556,4398.025574,94102.73425
9/10/2021,1950.831923,3538.599121,2712.640966,1918.186553,3007.515789,2295.561022,3287.261242,3086.031407,1427.067823,3026.97225,2331.361426,2494.496068,3031.657115,3126.27117,1684.676332,2291.436768,2139.236887,2707.949438,1402.152632,3603.053164,2319.466884,3187.681961,2522.289698,3679.056963,3070.047658,2689.354933,1967.715193,1849.058878,3115.06057,4912.770779,3312.142966,3658.495634,1552.947985,2864.812915,4502.658268,96266.52038
9/17/2021,2033.992959,3964.785884,2778.322345,1962.941154,3082.703684,2285.143842,3285.984509,3067.447246,1336.937224,3010.498487,2388.422567,2112.487973,3040.078126,3207.82607,1773.499337,2227.174794,1991.603142,2738.913517,1373.703158,3617.064207,2271.245322,3122.145259,2747.877587,3953.028149,2985.300986,2559.920738,1940.486184,1989.949691,3090.020838,4700.871897,3206.222739,3804.049059,1464.106567,2816.213652,4425.927892,96356.89679
9/24/2021,2098.096973,3689.708227,3080.45669,2131.218695,3627.815921,2297.455072,3219.678167,2966.158195,1192.728265,3119.231437,2441.408463,2299.091388,3051.027315,3215.98156,1924.498446,2215.337748,2026.340655,2913.438325,1459.051579,3728.247521,2309.822467,3269.604345,2628.27996,5440.307112,3103.412137,2641.416342,1995.548851,1972.475124,3250.561076,4748.140933,3318.028595,4130.558428,1485.428507,2895.50712,4537.535275,100423.5969
10/1/2021,2113.689696,3814.410172,3128.623034,2201.9313,3496.237105,2302.190007,3296.475565,3041.428134,1207.750032,3202.705041,2535.151949,2302.611646,3035.868148,3232.29254,2111.026756,2250.850663,2017.655865,2989.441064,1471.244211,3750.393142,2302.589416,3301.464075,2543.773859,5714.278298,3133.729766,2679.767215,2052.426323,1957.183962,3247.615501,4977.425914,3465.982175,4008.610613,1538.733358,2938.991743,4185.275058,101549.8233
10/8/2021,2274.81497,4019.068022,3198.683172,2344.251194,3665.409868,2400.679561,3327.685686,3092.536216,1126.632492,3159.869663,2608.515998,2591.318653,3013.972937,3398.120837,2158.399026,2130.782426,2023.445725,3051.369222,1495.629474,3780.222646,2345.988246,3281.438142,2610.376664,5753.418741,3202.634469,2866.727718,2135.92725,2101.351831,3305.057199,5447.947292,3523.98715,4276.111852,1599.145522,2967.12831,4199.226617,104477.8748
10/15/2021,2214.17673,3914.905136,3262.175172,2308.44755,3966.161447,2428.143,3409.609499,3106.475094,1063.541073,3178.541249,2628.894794,2452.246599,3107.449123,3449.772274,2054.772187,1921.085677,2127.657716,3017.590227,1576.913684,3981.34705,2411.088847,3323.309685,2520.141631,5088.058444,3226.060527,2842.758423,2100.832871,2065.310294,3266.762379,5639.198288,3594.600935,4201.369643,1755.506418,2800.865595,4262.005143,104267.7744
10/22/2021,2191.654089,3920.773606,3148.327448,2154.491126,3778.191711,2476.440515,3295.176333,3108.333737,910.3190536,3141.198413,2608.515998,2527.943918,3133.555236,3493.268221,1823.832373,1949.835131,2104.499373,2927.512906,1467.18,3979.991204,2430.377158,3367.91177,2520.857927,5088.058444,3086.875816,2674.973356,1962.874641,2217.122651,3225.522622,5372.970169,3561.815637,4272.179175,1478.321194,2708.783298,4167.834737,102277.519
10/29/2021,2356.244128,4412.245759,3465.787448,2260.112334,4812.025263,2599.552433,3654.08124,2932.70552,1021.480126,3264.210158,2718.563035,2323.736735,3165.55603,3569.386127,1791.263938,2051.300885,2069.76241,3062.628887,1487.501053,4214.560829,2478.59872,3368.822377,2601.782958,5244.613407,3522.34561,3116.008389,2148.63372,2367.844009,3459.704157,6107.547748,3672.780597,4268.244813,1485.428507,2703.667704,4352.685406,108131.4125
11/5/2021,2398.060303,4378.502679,3478.923724,2231.469383,5131.573816,2642.168083,3537.047752,2850.932664,1156.676025,3215.884086,2579.985428,2121.289946,3077.133032,3765.117888,1693.558632,2091.88778,2200.027123,3003.515645,1532.207368,4280.498649,2461.72099,3353.55839,2586.743,5127.197184,3485.137878,3211.88557,2156.499638,2443.203988,3419.938253,5597.363935,3621.502276,4185.561458,1499.643134,2834.11871,4398.025574,107748.56
11/12/2021,2323.392703,4227.3935,3509.575253,2109.736436,4943.604079,2571.142064,3556.552251,2768.228784,1264.832744,3232.359192,2608.515998,2070.23815,3074.220379,3710.747954,1572.167192,1978.584189,2046.604067,2879.65933,1471.244211,4356.002741,2406.265592,3305.834223,2558.096906,5596.862075,3432.770781,3144.771544,2065.738325,2432.281818,3356.606469,5324.613218,3454.213232,4228.913545,1499.643134,2703.667704,4213.177376,105998.2572
11/19/2021,2311.23781,4107.826339,3535.847586,2061.401579,4887.213158,2496.32804,3704.797716,2753.101903,1237.793565,3189.523982,2412.87725,2075.519333,3070.809821,3656.378021,1509.991088,1907.556976,2171.07892,2502.460552,1418.409474,4462.436763,2401.443645,3340.709659,2560.371945,5753.418741,3412.100655,3288.587315,1934.436001,2412.622756,3343.34989,5307.226142,3541.10132,4299.854446,1520.965075,2742.036096,4351.542765,105682.3563
11/26/2021,2446.682358,4052.077414,3667.210345,2090.939662,4624.055526,2575.877189,3652.781776,2812.87066,1207.750032,3209.294479,2429.1808,2152.977224,3075.925527,3621.037564,1447.814984,1975.201668,2211.606294,2606.612453,1483.436842,4537.029297,2401.443645,3412.297513,2457.95742,5714.278298,3562.309824,3053.688221,2080.827115,2526.209703,3409.627888,5350.150364,3548.750554,4351.090415,1584.930896,2734.36159,4297.909437,106366.195
12/3/2021,2457.100638,4349.894603,3730.702564,2042.604356,5977.437632,2648.797068,3605.967174,2842.754912,1159.680379,3109.347111,2502.545491,2191.706081,3015.396091,3775.991874,1509.991088,2141.193267,2171.07892,2640.391448,1601.298947,4519.746114,2427.965007,3428.816998,2430.551101,5714.278298,3684.958213,2775.644396,2169.049419,2472.692506,3490.858034,5714.705196,3513.9009,4386.561427,1513.857761,2839.234623,4372.996358,108929.696
12/10/2021,2510.931833,4179.7133,3730.702564,2005.010539,6466.158947,2689.518667,3414.81107,2834.349954,1357.967697,3155.299401,2474.014279,2255.080816,3073.368333,3778.710371,1717.244767,2119.189105,2127.657716,2727.653852,1511.886316,4589.336571,2396.622483,3446.253242,2431.272525,5949.112445,3766.262496,2919.460168,2298.644284,2399.516869,3615.692491,6271.369234,3417.8512,4433.857981,1830.133209,2972.243904,4244.273129,111111.1718
12/17/2021,2663.740957,4224.459265,3954.018816,2039.024189,6616.534737,2656.373077,3511.19833,2821.275239,1243.802271,3148.621983,2457.711371,2445.204844,3062.285403,3767.836384,1797.185472,2210.592225,2171.07892,2812.10134,1483.436842,4615.261031,2401.443645,3442.583257,2462.285144,5753.418741,3778.666664,3077.657517,2265.181119,2490.167384,3649.872025,6298.685359,3499.45066,4630.915729,1972.279478,3096.115129,4383.724317,112904.1889
12/24/2021,2641.166852,4143.769966,4116.032885,2038.129148,6522.549868,2663.949182,3569.541565,2792.324409,1261.828391,3124.136997,2482.166054,2415.277959,3073.368333,3849.391284,1746.852435,2247.829977,2150.815508,2812.10134,1479.372632,4601.161583,2391.800013,3410.461174,2525.752821,5909.973704,3867.371489,2900.284732,2298.644284,2542.59249,3657.303266,6112.400842,3582.751208,4615.150772,1869.223433,2990.771203,4380.148767,112786.3966
12/31/2021,2840.86072,3903.168489,4076.624495,2119.582613,6146.610395,2538.943499,2925.113239,2959.490646,1430.072177,3148.621983,2563.68252,2344.861469,3081.040046,3876.576251,1598.814093,2444.175979,2171.07892,2879.65933,1593.170526,4666.204044,2391.800013,3405.873019,2594.992916,6262.224075,3871.533376,2847.552282,2183.651305,2490.167384,3617.178909,6105.299588,3565.751653,5021.097423,1968.725821,3060.144761,4598.261918,113292.6059
1/7/2022,2734.936184,3777.733151,4070.056138,2126.743396,6766.910526,2624.174703,3088.209531,3103.309232,1418.054763,3131.927598,2771.548288,2596.59966,3040.972511,3824.924814,1589.931793,2500.0332,2179.763161,2820.546089,1654.133684,4720.329662,2415.910532,3467.363061,2598.598395,6888.445631,3745.301818,2852.346141,2197.037191,2411.530661,3596.372456,6274.64666,3514.7508,5005.331905,1968.725821,2985.632398,4576.807671,115039.6392
1/14/2022,2774.874166,3746.190913,3945.261517,2188.504777,6033.828553,2702.777017,3108.099555,3118.251168,1330.928517,3206.496747,2930.504691,2564.912558,3109.174187,3871.139258,1675.794031,2461.102409,2113.183614,2786.767094,1483.436842,4557.952056,2396.622483,3482.966043,2613.743378,6183.946593,3685.655869,2742.087383,2181.218019,2438.83562,3539.90069,5848.000574,3537.701461,4958.037596,1926.08194,3006.18762,4054.765762,112304.9307
1/21/2022,2859.961598,3898.033706,4240.827943,2217.147818,6503.752895,2793.690276,3204.896696,3121.987252,1433.07653,3239.88686,3065.007052,2702.224218,3127.930017,4235.417812,1708.362466,2313.842464,2171.07892,2958.476985,1454.987368,4842.227392,2399.032017,3538.949761,2812.082483,6399.209668,3964.472772,2756.46896,2285.259113,2651.810134,3606.774831,5892.795657,3662.651639,5103.859936,1954.511194,3193.752754,4222.819754,116537.2669
1/28/2022,2988.459927,3933.243646,4089.760552,2308.44755,4906.010132,2753.915606,3045.778362,3310.632783,1363.976404,3167.542734,3077.234073,2851.858816,3053.759402,4213.669838,1749.813202,2442.483533,2014.761484,2775.507429,1483.436842,4957.755393,2384.566177,3477.459206,2971.474329,6653.613186,3888.179457,2775.644396,2215.289816,2827.650547,3458.165344,5917.376846,3629.502301,5182.685842,1997.155075,2918.828878,4308.635724,115094.2748
2/4/2022,2977.990417,3999.995824,4284.61531,2134.79922,5300.746579,2708.458882,3047.104967,3309.698479,1436.080883,3192.027384,3077.234073,2693.422068,3035.857333,3941.820171,1894.890777,2452.639194,1898.970872,2651.651113,1398.088421,5123.02841,2355.633187,3523.566452,3019.074984,7524.452724,3800.788633,2708.530369,2317.506089,2802.531022,3471.539491,5845.813994,3669.452645,5095.978861,1982.940448,2813.483045,4008.281862,115498.6942
2/11/2022,3047.569267,5213.271748,4039.405047,2244.895727,5338.340526,2834.411875,3382.57845,3500.210601,1363.976404,3200.931504,3130.218685,2691.661673,3095.831355,4045.123045,1699.480166,2506.803574,1838.180087,2631.9467,1357.446316,5074.51266,2343.577927,3518.940361,3076.052716,7407.036501,3789.690939,2718.118087,2291.952152,3023.150494,3443.303927,6757.564199,3713.651077,5174.743574,1954.511194,2990.771203,4072.644749,118512.5045
2/18/2022,2878.839472,4985.140605,3975.912828,2132.113916,5075.182895,2651.638143,3227.438306,3417.071359,1300.884984,3020.629794,3007.945269,2725.109347,3031.929347,3784.147364,1592.89256,2364.622545,1913.444974,2553.129044,1341.189474,4801.266057,2329.111301,3456.962526,3078.217604,7191.773426,3607.975135,2718.118087,2174.410909,3019.874374,3308.068161,6442.360396,3721.338259,5143.165941,1958.064851,2813.483045,3775.866437,114519.3187
2/25/2022,2892.756437,5123.045983,4181.714483,2126.743396,5432.325395,2693.306862,3261.914254,3497.737204,1409.041703,3123.02415,3154.674009,2946.920476,3105.329691,3786.865861,1581.049492,2415.401837,1812.127364,2660.095862,1398.088421,5111.583769,2317.055518,3507.840048,2920.987363,7367.89776,3796.627112,2756.46896,2278.362116,3081.036528,3349.679788,6281.205424,3769.454441,5190.533232,1901.206343,2898.27302,3883.134911,117013.5092
3/4/2022,2748.378498,4803.222875,4142.305655,2098.995486,4755.634342,2566.406939,3134.618427,3325.149073,1436.080883,3080.729917,3085.385206,2702.224218,3087.195881,3610.163578,1471.501119,2415.442128,1751.337128,2570.018542,1219.263158,4690.502543,2230.256549,3455.111961,2800.543185,7211.342797,3595.490758,2627.034765,2078.408926,2851.678136,3324.565086,5574.44834,3752.269134,5123.429569,1808.811269,2857.162893,3539.875171,111524.9841
3/11/2022,2784.907524,4644.044457,3822.656057,2092.729745,4154.131184,2494.433895,2991.413782,3259.48963,1421.059117,3042.596435,2853.064113,2645.891061,2901.532526,3430.742797,1468.540352,2368.015139,1519.755354,2494.015803,1239.584211,4700.571874,2242.311809,3378.331914,2789.725721,7475.530149,3538.616342,2607.859329,2085.135091,2981.64787,3278.077605,5147.544204,3651.739544,5040.539054,1755.506418,2715.846374,3485.333255,108502.9197
3/18/2022,2976.250777,4982.940057,3973.723448,2124.953133,4849.619211,2568.300989,3028.541548,3383.303548,1511.189716,3110.310359,3069.082298,2818.411143,3006.022529,3534.045671,1622.500228,2283.321759,1464.754429,2496.830719,1333.061053,4890.060133,2389.388385,3431.98522,2749.729454,8258.308371,3603.813065,2674.973356,2212.933849,3154.21279,3309.56821,5465.252262,3570.971975,5178.689725,1698.64791,2702.99936,3561.974371,112990.671
3/25/2022,3071.921977,5114.243865,4048.162345,2118.687571,4981.198026,2626.068753,2976.827393,3377.675391,1505.181009,3167.866783,3056.855277,2878.264912,3034.518987,3417.150314,1699.480166,2257.913942,1635.545966,2479.941222,1292.418947,5074.970134,2420.731432,3524.49103,2900.717542,8610.558741,3773.985711,2818.789128,2210.487828,3318.03941,3417.537705,6072.685624,3735.943891,5202.373932,1791.042985,2692.721113,3817.443595,116122.4426
4/1/2022,3151.938124,4876.576916,4151.062953,2187.609735,4661.649474,2620.386698,2973.651336,3420.823464,1562.263722,3245.736695,3236.189834,2755.036408,3063.015709,3602.008088,1595.853326,2305.342709,1655.809928,2606.612453,1272.097895,5033.776859,2399.032017,3587.395365,2921.768683,8600.774907,3875.984347,2809.201409,2256.349022,3331.145764,3447.529752,5779.120853,3685.249322,5391.836924,1652.450373,2641.333374,3926.930332,116283.5448
4/8/2022,2878.839472,4718.131966,3781.058069,2141.960003,4210.522105,2452.765175,3157.226378,3286.690437,1655.398675,3188.181279,3158.749255,2531.46453,3037.111133,4007.064091,1492.226487,2224.03659,1696.336752,2530.609714,1272.097895,4793.943078,2314.644676,3551.318388,2903.621904,8444.218241,3755.820426,2756.46896,2174.410909,3343.158935,3327.563481,5524.514744,3680.095376,5320.788793,1691.540597,2646.472816,3707.956348,113357.0077
4/15/2022,2951.898378,4742.338947,3853.307586,2148.225565,4642.8525,2551.254919,3146.428433,3381.42737,1781.581514,3244.607562,3081.309319,2536.745891,3064.743675,3911.916708,1477.422653,2085.140908,1632.651586,2705.134522,1288.354737,4933.082677,2355.633187,3533.742572,2932.657941,8385.51013,3913.710411,2857.14,2231.88993,3487.326959,3303.571207,5744.001657,3836.474768,5324.735506,1783.935672,2762.095307,3576.572263,115189.423
4/22/2022,2972.771652,4969.736329,3752.595919,2103.470875,3364.658289,2535.155494,3166.675218,3408.628681,1790.594574,3302.163986,3232.113946,2501.537823,3141.599685,3928.227688,1536.63799,2103.773215,1606.598863,2798.026759,1296.483158,4997.161843,2341.166299,3637.347797,2906.524215,8121.322778,4072.997542,2876.315436,2238.004697,3308.20949,3392.044742,5671.571797,4025.503617,5297.105148,1904.76,2602.79265,3353.94837,114258.2266
4/29/2022,2958.855774,4633.774671,3612.475862,1987.188258,3646.612895,2654.479313,3122.131317,3196.645212,1721.494448,3259.280252,3081.309319,2601.88102,3165.779461,3686.281484,1471.501119,2083.44629,1502.386872,3048.554305,1170.492632,4718.878754,2290.533633,3599.421793,2794.009343,8121.322778,4089.764212,2737.293523,2145.671674,3018.782126,3285.574871,5577.739451,3940.441265,5245.791143,1886.991716,2597.653527,3386.794573,112041.2349
